{
    "batch_size": 32,
    "learning_rate": 0.0002482275535143974,
    "weight_decay": 0.00011075290435724144,
    "freeze_ratio": 0.552713465641782,
    "use_class_weights": false
}